<?xml version="1.0" encoding="UTF-8"?>
<project-private xmlns="http://www.netbeans.org/ns/project-private/1">
    <editor-bookmarks xmlns="http://www.netbeans.org/ns/editor-bookmarks/2" lastBookmarkId="1">
        <file>
            <url>src/ejercicio2/Entidades/Circunferencia.java</url>
            <bookmark id="1">
                <name/>
                <line>46</line>
                <key/>
            </bookmark>
        </file>
    </editor-bookmarks>
    <open-files xmlns="http://www.netbeans.org/ns/projectui-open-files/2">
        <group>
            <file>file:/C:/Users/Atilio/Desktop/Egg/Java/guia7/ejercicio2/src/ejercicio2/Entidades/Circunferencia.java</file>
            <file>file:/C:/Users/Atilio/Desktop/Egg/Java/guia7/ejercicio2/src/ejercicio2/Servicios/Servicios.java</file>
            <file>file:/C:/Users/Atilio/Desktop/Egg/Java/guia7/ejercicio2/src/ejercicio2/Ejercicio2.java</file>
        </group>
    </open-files>
</project-private>
